<?xml version="1.0" encoding="UTF-8"?>
<records>
  <csw:Record xmlns:csw="http://www.opengis.net/cat/csw/2.0.2"
  xmlns:ows="http://www.opengis.net/ows" 
  xmlns:dc="http://purl.org/dc/elements/1.1/" 
  xmlns:dct="http://purl.org/dc/terms/">
    <dc:identifier>urn:uuid:1ef30a8b-876d-4828-9246-c37ab4510bbd</dc:identifier>
    <dc:type>http://purl.org/dc/dcmitype/Service</dc:type>
    <dct:abstract>Proin sit amet justo. In justo. Aenean adipiscing nulla id tellus.</dct:abstract>
    <ows:BoundingBox crs="urn:x-ogc:def:crs:EPSG:6.11:4326">
      <ows:LowerCorner>60.042 13.754</ows:LowerCorner>
      <ows:UpperCorner>68.410 17.920</ows:UpperCorner>
    </ows:BoundingBox>
  </csw:Record>
  
  <csw:Record xmlns:csw="http://www.opengis.net/cat/csw/2.0.2" 
  xmlns:ows="http://www.opengis.net/ows" 
  xmlns:dc="http://purl.org/dc/elements/1.1/" 
  xmlns:dct="http://purl.org/dc/terms/">
    <dc:identifier>urn:uuid:6a3de50b-fa66-4b58-a0e6-ca146fdd18d4</dc:identifier>
    <dc:type>http://purl.org/dc/dcmitype/Service</dc:type>
    <dc:title>Ut facilisis justo ut lacus</dc:title>
    <dc:subject scheme="http://www.digest.org/2.1">Vegetation</dc:subject>
    <dc:relation>urn:uuid:94bc9c83-97f6-4b40-9eb8-a8e8787a5c63</dc:relation>
  </csw:Record>
  
  <csw:Record xmlns:csw="http://www.opengis.net/cat/csw/2.0.2" 
  xmlns:ows="http://www.opengis.net/ows" 
  xmlns:dc="http://purl.org/dc/elements/1.1/" 
  xmlns:dct="http://purl.org/dc/terms/"
  xmlns:xsd="http://www.w3.org/2001/XMLSchema">
    <dc:identifier>urn:uuid:9a669547-b69b-469f-a11f-2d875366bbdc</dc:identifier>
    <dc:type>http://purl.org/dc/dcmitype/Dataset</dc:type>
    <dc:title>Ñunç elementum</dc:title>
    <dc:subject scheme="http://www.digest.org/2.1">Hydrography-Oceanographic</dc:subject>
    <dct:modified>2005-10-24Z</dct:modified>
    <ows:BoundingBox crs="urn:x-ogc:def:crs:EPSG:6.11:4326">
      <ows:LowerCorner>44.792 -6.171</ows:LowerCorner>
      <ows:UpperCorner>51.126 -2.228</ows:UpperCorner>
    </ows:BoundingBox>
  </csw:Record>
  
  <csw:Record xmlns:csw="http://www.opengis.net/cat/csw/2.0.2" 
  xmlns:ows="http://www.opengis.net/ows" 
  xmlns:dc="http://purl.org/dc/elements/1.1/" 
  xmlns:dct="http://purl.org/dc/terms/">
    <dc:identifier>urn:uuid:66ae76b7-54ba-489b-a582-0f0633d96493</dc:identifier>
    <dc:title>Maecenas enim</dc:title>
    <dc:type>http://purl.org/dc/dcmitype/Text</dc:type>
    <dc:format>application/xhtml+xml</dc:format>
    <dc:subject>Marine sediments</dc:subject>
    <dct:abstract>Pellentesque tempus magna non sapien fringilla blandit.</dct:abstract>
  </csw:Record>
  
  <csw:Record xmlns:csw="http://www.opengis.net/cat/csw/2.0.2" 
  xmlns:ows="http://www.opengis.net/ows" 
  xmlns:dc="http://purl.org/dc/elements/1.1/" 
  xmlns:dct="http://purl.org/dc/terms/"
  xmlns:xsd="http://www.w3.org/2001/XMLSchema">
    <dc:identifier>urn:uuid:94bc9c83-97f6-4b40-9eb8-a8e8787a5c63</dc:identifier>
    <dc:type>http://purl.org/dc/dcmitype/Dataset</dc:type>
    <dc:title>Mauris sed neque</dc:title>
    <dc:subject scheme="http://www.digest.org/2.1">Vegetation-Cropland</dc:subject>
    <dct:abstract>Curabitur lacinia, ante non porta tempus, mi lorem feugiat odio, eget suscipit eros pede ac velit.</dct:abstract>
    <dct:modified>2006-03-26Z</dct:modified>
    <ows:BoundingBox crs="urn:x-ogc:def:crs:EPSG:6.11:4326">
      <ows:LowerCorner>47.595 -4.097</ows:LowerCorner>
      <ows:UpperCorner>51.217 0.889</ows:UpperCorner>
    </ows:BoundingBox>
  </csw:Record>
  
  <csw:Record xmlns:csw="http://www.opengis.net/cat/csw/2.0.2" 
  xmlns:ows="http://www.opengis.net/ows" 
  xmlns:dc="http://purl.org/dc/elements/1.1/" 
  xmlns:dct="http://purl.org/dc/terms/"
  xmlns:xsd="http://www.w3.org/2001/XMLSchema">
    <dc:identifier>urn:uuid:784e2afd-a9fd-44a6-9a92-a3848371c8ec</dc:identifier>
    <dc:title>Aliquam fermentum purus quis arcu</dc:title>
    <dc:type>http://purl.org/dc/dcmitype/Text</dc:type>
    <dc:subject>Hydrography--Dictionaries</dc:subject>
    <dc:format>application/pdf</dc:format>
    <dct:modified>2006-05-12Z</dct:modified>
    <dct:abstract>Vestibulum quis ipsum sit amet metus imperdiet vehicula. Nulla scelerisque cursus mi.</dct:abstract>
  </csw:Record>
  
  <csw:Record xmlns:csw="http://www.opengis.net/cat/csw/2.0.2" 
  xmlns:ows="http://www.opengis.net/ows" 
  xmlns:dc="http://purl.org/dc/elements/1.1/" 
  xmlns:dct="http://purl.org/dc/terms/">
    <dc:identifier>urn:uuid:829babb0-b2f1-49e1-8cd5-7b489fe71a1e</dc:identifier>
    <dc:type>http://purl.org/dc/dcmitype/Image</dc:type>
    <dc:format>image/jp2</dc:format>
    <dc:title>Vestibulum massa purus</dc:title>
    <dc:relation>urn:uuid:9a669547-b69b-469f-a11f-2d875366bbdc</dc:relation>
  </csw:Record>
  
  <csw:Record xmlns:csw="http://www.opengis.net/cat/csw/2.0.2" 
  xmlns:ows="http://www.opengis.net/ows" 
  xmlns:dc="http://purl.org/dc/elements/1.1/" 
  xmlns:dct="http://purl.org/dc/terms/">
    <dc:identifier>urn:uuid:19887a8a-f6b0-4a63-ae56-7fba0e17801f</dc:identifier>
    <dc:type>http://purl.org/dc/dcmitype/Image</dc:type>
    <dc:format>image/svg+xml</dc:format>
    <dc:title>Lorem ipsum</dc:title>
    <dct:spatial>GR-22</dct:spatial>
    <dc:subject>Tourism--Greece</dc:subject>
    <dct:abstract>Quisque lacus diam, placerat mollis, pharetra in, commodo sed, augue. Duis iaculis arcu vel arcu.</dct:abstract>
  </csw:Record>

  <csw:Record xmlns:csw="http://www.opengis.net/cat/csw/2.0.2" 
  xmlns:ows="http://www.opengis.net/ows" 
  xmlns:dc="http://purl.org/dc/elements/1.1/" 
  xmlns:dct="http://purl.org/dc/terms/">
    <dc:identifier>urn:uuid:88247b56-4cbc-4df9-9860-db3f8042e357</dc:identifier>
    <dc:type>http://purl.org/dc/dcmitype/Dataset</dc:type>
    <dc:subject scheme="http://www.digest.org/2.1">Physiography-Landforms</dc:subject>
    <dct:spatial>FI-ES</dct:spatial>
    <dct:abstract>Donec scelerisque pede ut nisl luctus accumsan. Quisque ultrices, lorem eget feugiat fringilla, lorem dui porttitor ante, cursus ultrices magna odio eu neque.</dct:abstract>
  </csw:Record>
  
  <csw:Record xmlns:csw="http://www.opengis.net/cat/csw/2.0.2" 
  xmlns:ows="http://www.opengis.net/ows" 
  xmlns:dc="http://purl.org/dc/elements/1.1/" 
  xmlns:dct="http://purl.org/dc/terms/">
    <dc:identifier>urn:uuid:a06af396-3105-442d-8b40-22b57a90d2f2</dc:identifier>
    <dc:type>http://purl.org/dc/dcmitype/Image</dc:type>
    <dc:title>Lorem ipsum dolor sit amet</dc:title>
    <dc:format>image/jpeg</dc:format>
    <dct:spatial>IT-FI</dct:spatial>
  </csw:Record>
  
  <csw:Record xmlns:csw="http://www.opengis.net/cat/csw/2.0.2" 
  xmlns:ows="http://www.opengis.net/ows" 
  xmlns:dc="http://purl.org/dc/elements/1.1/" 
  xmlns:dct="http://purl.org/dc/terms/">
    <dc:identifier>urn:uuid:ab42a8c4-95e8-4630-bf79-33e59241605a</dc:identifier>
    <dc:type>http://purl.org/dc/dcmitype/Service</dc:type>
    <dc:subject scheme="http://www.digest.org/2.1">Physiography</dc:subject>
    <dct:abstract>Suspendisse accumsan molestie lorem. Nullam velit turpis, mattis ut, varius bibendum, laoreet non, quam.</dct:abstract>
    <dc:relation>urn:uuid:88247b56-4cbc-4df9-9860-db3f8042e357</dc:relation>
  </csw:Record>

  <csw:Record xmlns:csw="http://www.opengis.net/cat/csw/2.0.2" 
  xmlns:ows="http://www.opengis.net/ows" 
  xmlns:dc="http://purl.org/dc/elements/1.1/" 
  xmlns:dct="http://purl.org/dc/terms/"
  xmlns:xsd="http://www.w3.org/2001/XMLSchema">
    <dc:identifier>urn:uuid:e9330592-0932-474b-be34-c3a3bb67c7db</dc:identifier>
    <dc:type>http://purl.org/dc/dcmitype/Text</dc:type>
    <dc:title>Fuscé vitae ligulä</dc:title>
    <dct:modified>2003-05-09Z</dct:modified>
    <dc:subject>Land titles</dc:subject>
    <dc:format>text/rtf</dc:format>
    <dct:abstract>Morbi ultriçes, dui suscipit vestibulum prètium, velit ante pretium tortor, egët tincidunt pede odio ac nulla.</dct:abstract>
  </csw:Record>
</records>