<?xml version="1.0" encoding="UTF-8"?>
<wfs:Transaction service="WFS" version="1.1.0"
  xmlns:wfs="http://www.opengis.net/wfs"
  xmlns:gml="http://www.opengis.net/gml"
  xmlns:sf="http://cite.opengeospatial.org/gmlsf"
  xmlns:xlink="http://www.w3.org/1999/xlink">

  <wfs:Insert handle="Test data for WFS-Basic conformance (SF-0)"
    srsName="urn:ogc:def:crs:EPSG::4326">

    <sf:PrimitiveGeoFeature gml:id="f001">
      <gml:description>description-f001</gml:description>
      <gml:name codeSpace="http://cite.opengeospatial.org/gmlsf">name-f001</gml:name>
      <sf:pointProperty>
        <gml:Point gml:id="g003">
          <gml:description>description-g003</gml:description>
          <gml:pos>39.73245 2.00342</gml:pos>
        </gml:Point>
      </sf:pointProperty>
      <sf:intProperty>155</sf:intProperty>
      <sf:uriProperty>http://www.opengeospatial.org/</sf:uriProperty>
      <sf:measurand>1.2765E4</sf:measurand>
      <sf:dateProperty>2006-10-25Z</sf:dateProperty>
      <sf:decimalProperty>5.03</sf:decimalProperty>
    </sf:PrimitiveGeoFeature>

    <sf:PrimitiveGeoFeature gml:id="f002">
      <gml:description>description-f002</gml:description>
      <gml:name codeSpace="http://cite.opengeospatial.org/gmlsf">name-f002</gml:name>
      <sf:pointProperty>
        <gml:Point gml:id="g001">
          <gml:description>description-g001</gml:description>
          <gml:pos>59.41276 0.22601</gml:pos>
        </gml:Point>
      </sf:pointProperty>
      <sf:intProperty>154</sf:intProperty>
      <sf:uriProperty>http://www.opengeospatial.org/</sf:uriProperty>
      <sf:measurand>1.2769E4</sf:measurand>
      <sf:dateProperty>2006-10-23Z</sf:dateProperty>
      <sf:decimalProperty>4.02</sf:decimalProperty>
    </sf:PrimitiveGeoFeature>

    <sf:PrimitiveGeoFeature gml:id="f003">
      <gml:description>description-f003</gml:description>
      <gml:name codeSpace="http://cite.opengeospatial.org/gmlsf">name-f003</gml:name>
      <sf:curveProperty>
        <gml:LineString>
          <gml:posList>46.074 9.799 46.652 10.466 47.114 11.021</gml:posList>
        </gml:LineString>
      </sf:curveProperty>
      <sf:intProperty>180</sf:intProperty>
      <sf:measurand>672.1</sf:measurand>
      <sf:dateTimeProperty>2006-06-28T07:08:00+02:00</sf:dateTimeProperty>
      <sf:dateProperty>2006-09-01Z</sf:dateProperty>
      <sf:decimalProperty>12.92</sf:decimalProperty>
    </sf:PrimitiveGeoFeature>

    <sf:PrimitiveGeoFeature gml:id="f008">
      <gml:description>description-f008</gml:description>
      <gml:name codeSpace="http://cite.opengeospatial.org/gmlsf">name-f008</gml:name>
      <sf:surfaceProperty>
        <gml:Polygon gml:id="g005">
          <gml:name>MU3</gml:name>
          <gml:exterior>
            <gml:LinearRing>
              <gml:posList>45.174 30.899 45.652 30.466 45.891 30.466 45.174 30.899</gml:posList>
            </gml:LinearRing>
          </gml:exterior>
        </gml:Polygon>
      </sf:surfaceProperty>
      <sf:intProperty>300</sf:intProperty>
      <sf:measurand>7.835E2</sf:measurand>
      <sf:dateTimeProperty>2006-06-28T07:08:00+02:00</sf:dateTimeProperty>
      <sf:dateProperty>2006-12-12Z</sf:dateProperty>
      <sf:decimalProperty>18.92</sf:decimalProperty>
    </sf:PrimitiveGeoFeature>

    <sf:AggregateGeoFeature gml:id="f005">
      <gml:description>description-f005</gml:description>
      <gml:name codeSpace="http://cite.opengeospatial.org/gmlsf">name-f005</gml:name>
      <sf:multiPointProperty>
        <gml:MultiPoint srsName="urn:ogc:def:crs:EPSG:6.11.2:4326">
          <gml:pointMember>
            <gml:Point><gml:pos>70.83 29.86</gml:pos></gml:Point>
          </gml:pointMember>
          <gml:pointMember>
            <gml:Point><gml:pos>68.87 31.08</gml:pos></gml:Point>
          </gml:pointMember>
          <gml:pointMember>
            <gml:Point><gml:pos>71.96 32.19</gml:pos></gml:Point>
          </gml:pointMember>
        </gml:MultiPoint>
      </sf:multiPointProperty>
      <sf:doubleProperty>2012.78</sf:doubleProperty>
      <sf:strProperty>
      Ma quande lingues coalesce, li grammatica del resultant lingue es plu
      simplic e regulari quam ti del coalescent lingues. Li nov lingua franca
      va esser plu simplic e regulari quam li existent Europan lingues.
      </sf:strProperty>
      <sf:featureCode>BK030</sf:featureCode>
    </sf:AggregateGeoFeature>

    <sf:AggregateGeoFeature gml:id="f009">
      <gml:description>description-f009</gml:description>
      <gml:name codeSpace="http://cite.opengeospatial.org/gmlsf">name-f009</gml:name>
      <sf:multiCurveProperty>
        <gml:MultiCurve>
          <gml:curveMember>
            <gml:LineString>
              <gml:posList>55.174 -5.899 55.652 -5.466 55.891 -5.899 58.174 -5.899 58.652 -5.466 58.891 -5.899</gml:posList>
            </gml:LineString>
          </gml:curveMember>
          <gml:curveMember>
            <gml:LineString srsName="urn:ogc:def:crs:EPSG:6.11.2:4326">
              <gml:posList>53.265 -5.188 54.354 -4.775 52.702 -4.288 53.611 -4.107 55.823 -4.010</gml:posList>
            </gml:LineString>
                  </gml:curveMember>
                </gml:MultiCurve>
      </sf:multiCurveProperty>
      <sf:doubleProperty>20.01</sf:doubleProperty>
      <sf:strProperty>Ma quande lingues coalesce, li grammatica del resultant.</sf:strProperty>
      <sf:featureCode>GB007</sf:featureCode>
    </sf:AggregateGeoFeature>

    <sf:AggregateGeoFeature gml:id="f010">
      <gml:description>description-f010</gml:description>
      <gml:name codeSpace="http://cite.opengeospatial.org/gmlsf">name-f010</gml:name>
      <sf:multiSurfaceProperty>
        <gml:MultiSurface>
          <gml:surfaceMember>
                        <gml:Polygon>
                <gml:exterior>
                  <gml:LinearRing>
                    <gml:posList>50 20 54 19 55 20 60 30 52 28 51 27 49 29 47 27 50 20</gml:posList>
                </gml:LinearRing>
                </gml:exterior>
                <gml:interior>
                  <gml:LinearRing>
                    <gml:posList>55 25 56 25.2 56 25.1 55 25</gml:posList>
                  </gml:LinearRing>
                </gml:interior>
                        </gml:Polygon>
                  </gml:surfaceMember>
                  <gml:surfaceMember>
                          <gml:Polygon>
                <gml:exterior>
                  <gml:LinearRing>
                    <gml:posList>35.5 20.0 35.0 24.0 35.0 28.0 39.0 27.5 37.0 22.0 35.5 20.0</gml:posList>
                </gml:LinearRing>
                </gml:exterior>
                <gml:interior>
                  <gml:LinearRing>
                    <gml:posList>36.0 26.0 37.0 25.0 36.8 27.0 36.0 26.0</gml:posList>
                  </gml:LinearRing>
                </gml:interior>
                          </gml:Polygon>
                  </gml:surfaceMember>
        </gml:MultiSurface>
      </sf:multiSurfaceProperty>
      <sf:doubleProperty>24510</sf:doubleProperty>
      <sf:strProperty>
      Ma quande lingues coalesce, li grammatica del resultant lingue es plu
      simplic e regulari quam ti del coalescent lingues. Li nov lingua franca
      va esser plu simplic e regulari quam li existent Europan lingues.
      </sf:strProperty>
      <sf:featureCode>AK020</sf:featureCode>
    </sf:AggregateGeoFeature>

    <sf:EntitéGénérique gml:id="f004">
      <gml:description>description-f004</gml:description>
      <gml:name codeSpace="http://cite.opengeospatial.org/gmlsf">name-f004</gml:name>
      <sf:attribut.Géométrie>
        <gml:Polygon gml:id="g002">
          <gml:name>MU1</gml:name>
          <gml:exterior>
            <gml:LinearRing>
              <gml:posList>60.5 0 64 0 64 6.25 60.5 6.25 60.5 0</gml:posList>
            </gml:LinearRing>
          </gml:exterior>
          <gml:interior>
            <gml:LinearRing>
              <gml:posList>61.5 2 62.5 2 62 4 61.5 2</gml:posList>
            </gml:LinearRing>
          </gml:interior>
        </gml:Polygon>
      </sf:attribut.Géométrie>
      <sf:boolProperty>1</sf:boolProperty>
      <sf:str4Property>abc3</sf:str4Property>
      <sf:featureRef>name-f003</sf:featureRef>
    </sf:EntitéGénérique>

    <sf:EntitéGénérique gml:id="f007">
      <gml:description>description-f007</gml:description>
      <gml:name codeSpace="http://cite.opengeospatial.org/gmlsf">name-f007</gml:name>
      <sf:attribut.Géométrie>
        <gml:Polygon gml:id="g004">
          <gml:name>MU2</gml:name>
          <gml:exterior>
            <gml:LinearRing>
              <gml:posList>35 15 40 16 39 20 37 22.5 36 18 35 15</gml:posList>
            </gml:LinearRing>
          </gml:exterior>
          <gml:interior>
            <gml:LinearRing>
              <gml:posList>37.1 17.5 37.2 17.6 37.3 17.7 37.4 17.8 37.5 17.9 37 17.9 37.1 17.5</gml:posList>
            </gml:LinearRing>
          </gml:interior>
        </gml:Polygon>
      </sf:attribut.Géométrie>
      <sf:boolProperty>0</sf:boolProperty>
      <sf:str4Property>def4</sf:str4Property>
    </sf:EntitéGénérique>

    <sf:PrimitiveGeoFeature gml:id="f015">
      <gml:name codeSpace="http://cite.opengeospatial.org/gmlsf">name-f015</gml:name>
      <sf:pointProperty>
        <gml:Point>
          <gml:pos>34.94 -10.52</gml:pos>
        </gml:Point>
      </sf:pointProperty>
      <sf:intProperty>-900</sf:intProperty>
      <sf:measurand>-2.4</sf:measurand>
      <sf:decimalProperty>7.90</sf:decimalProperty>
    </sf:PrimitiveGeoFeature>

    <sf:AggregateGeoFeature gml:id="f016">
      <gml:name codeSpace="http://cite.opengeospatial.org/gmlsf">name-f016</gml:name>
      <sf:multiSurfaceProperty>
        <gml:MultiSurface>
          <gml:surfaceMember>
            <gml:Polygon srsName="urn:ogc:def:crs:EPSG:6.11.2:4326">
              <gml:description>Donec vulputate leo cursus magna.</gml:description>
              <gml:exterior>
                <gml:LinearRing>
                  <gml:posList>57.5 6.0 57.5 8.0 60.0 8.0 62.5 9.0 62.5 5.0 60.0 6.0 57.5 6.0</gml:posList>
                </gml:LinearRing>
              </gml:exterior>
              <gml:interior>
                <gml:LinearRing>
                  <gml:posList>58.0 6.5 59.0 6.5 59.0 7.0 58.0 6.5</gml:posList>
                </gml:LinearRing>
              </gml:interior>
            </gml:Polygon>
                  </gml:surfaceMember>
        </gml:MultiSurface>
      </sf:multiSurfaceProperty>
      <sf:doubleProperty>-182.9</sf:doubleProperty>
      <sf:strProperty>In rhoncus nisl sit amet sem.</sf:strProperty>
      <sf:featureCode>EE010</sf:featureCode>
    </sf:AggregateGeoFeature>

    <sf:EntitéGénérique gml:id="f017">
      <gml:name codeSpace="http://cite.opengeospatial.org/gmlsf">name-f017</gml:name>
      <sf:attribut.Géométrie>
        <gml:LineString>
          <gml:posList>50.174 4.899 52.652 5.466 53.891 6.899 54.382 7.780 54.982 8.879 </gml:posList>
        </gml:LineString>
      </sf:attribut.Géométrie>
      <sf:boolProperty>false</sf:boolProperty>
      <sf:str4Property>qrst</sf:str4Property>
      <sf:featureRef>name-f015</sf:featureRef>
    </sf:EntitéGénérique>
  </wfs:Insert>

  <wfs:Insert handle="Test data for WFS-XLink conformance"
    srsName="urn:ogc:def:crs:EPSG::4326">
    <sf:PrimitiveGeoFeature gml:id="f091">
      <gml:description>description-f091</gml:description>
      <gml:name codeSpace="http://cite.opengeospatial.org/gmlsf">name-f091</gml:name>
      <sf:pointProperty>
        <gml:Point gml:id="g091">
          <gml:pos>49.84117 -2.19514</gml:pos>
        </gml:Point>
      </sf:pointProperty>
      <sf:intProperty>-12678967543233</sf:intProperty>
      <sf:measurand>-12.78e-2</sf:measurand>
      <sf:decimalProperty>80.02</sf:decimalProperty>
      <sf:relatedFeature xlink:type="simple" xlink:href="#f003"
        xlink:title="A related PrimitiveGeoFeature instance"
        xlink:actuate="onRequest" />
    </sf:PrimitiveGeoFeature>

    <sf:PrimitiveGeoFeature gml:id="f092">
      <gml:description>description-f092</gml:description>
      <gml:name codeSpace="http://cite.opengeospatial.org/gmlsf">name-f092</gml:name>
      <sf:intProperty>4567</sf:intProperty>
      <sf:measurand>1445.57</sf:measurand>
      <sf:dateTimeProperty>2007-08-21T14:47:24+01:00</sf:dateTimeProperty>
      <sf:decimalProperty>3.14</sf:decimalProperty>
      <sf:relatedFeature xlink:type="simple" xlink:href="#f091" />
    </sf:PrimitiveGeoFeature>

    <sf:PrimitiveGeoFeature gml:id="f093">
      <gml:description>description-f093</gml:description>
      <gml:name codeSpace="http://cite.opengeospatial.org/gmlsf">name-f093</gml:name>
      <sf:curveProperty>
        <gml:Curve>
          <gml:segments>
            <gml:LineStringSegment>
              <gml:posList>36.074 8.799 36.652 9.466 37.114 10.021</gml:posList>
            </gml:LineStringSegment>
            <gml:LineStringSegment>
              <gml:posList>37.114 10.021 36.652 9.556</gml:posList>
            </gml:LineStringSegment>
          </gml:segments>
        </gml:Curve>
      </sf:curveProperty>
      <sf:intProperty>-1234</sf:intProperty>
      <sf:measurand>1594.01</sf:measurand>
      <sf:decimalProperty>9.86</sf:decimalProperty>
      <sf:relatedFeature xlink:type="simple" xlink:href="#f094" />
    </sf:PrimitiveGeoFeature>

    <sf:PrimitiveGeoFeature gml:id="f094">
      <gml:description>description-f094</gml:description>
      <gml:name codeSpace="http://cite.opengeospatial.org/gmlsf">name-f094</gml:name>
      <sf:intProperty>882</sf:intProperty>
      <sf:measurand>26.33</sf:measurand>
      <sf:decimalProperty>1000.00</sf:decimalProperty>
      <sf:relatedFeature xlink:type="simple" xlink:href="http://vancouver1.demo.galdosinc.com/wfs/http?request=GetFeature&amp;service=WFS&amp;version=1.1.0&amp;typename=sf:PrimitiveGeoFeature#f205" />
    </sf:PrimitiveGeoFeature>

  </wfs:Insert>
</wfs:Transaction>

