<cblf:BlueLakeFeatureCollection
  xmlns:gml="http://www.opengis.net/gml"
  xmlns:cblf="http://www.opengis.net/cite/bluelake"
  xmlns:xsi="http://www.w3.org/2001/XMLSchema-instance"
  xsi:schemaLocation="http://www.opengis.net/cite/bluelake blueLakeFeatures.xsd http://www.opengis.net/gml feature.xsd"
>

  <gml:description>The cite:Bridges layer</gml:description>
  <gml:name>cite:Bridges</gml:name>
  <gml:boundedBy>
    <gml:Box srsName="CRS:84">
      <gml:coordinates>0.0006,0.0001 0.0008,0.0003</gml:coordinates>
    </gml:Box>
  </gml:boundedBy>

  <gml:featureMember>
    <cblf:BridgeFeature fid="BlueLake.110">
      <cblf:name>Cam Bridge</cblf:name>
      <cblf:position>
        <gml:Point srsName="CRS:84">
          <gml:coordinates>0.0007,0.0002</gml:coordinates>
        </gml:Point>
      </cblf:position>
    </cblf:BridgeFeature>
  </gml:featureMember>

</cblf:BlueLakeFeatureCollection>

