<cblf:BlueLakeFeatureCollection
  xmlns:gml="http://www.opengis.net/gml"
  xmlns:cblf="http://www.opengis.net/cite/bluelake"
  xmlns:xsi="http://www.w3.org/2001/XMLSchema-instance"
  xsi:schemaLocation="http://www.opengis.net/cite/bluelake blueLakeFeatures.xsd http://www.opengis.net/gml feature.xsd"
>

  <gml:description>The cite:Buildings layer</gml:description>
  <gml:name>cite:Buildings</gml:name>
  <gml:boundedBy>
    <gml:Box srsName="CRS:84">
      <gml:coordinates>0.0005,0.0008 0.0010,0.0024</gml:coordinates>
    </gml:Box>
  </gml:boundedBy>

  <gml:featureMember>
    <cblf:BuildingFeature fid="BlueLake.113">
      <cblf:address>123 Main Street</cblf:address>
      <cblf:position>
        <gml:Point srsName="CRS:84">
          <gml:coordinates>0.0006,0.0010</gml:coordinates>
        </gml:Point>
      </cblf:position>
      <cblf:footprint>
        <gml:Polygon srsName="CRS:84">
          <gml:outerBoundaryIs>
            <gml:LinearRing>
              <gml:coordinates>0.0005,0.0008 0.0007,0.0008 0.0007,0.0012 0.0005,0.0012 0.0005,0.0008</gml:coordinates>
            </gml:LinearRing>
          </gml:outerBoundaryIs>
        </gml:Polygon>
      </cblf:footprint>
    </cblf:BuildingFeature>
  </gml:featureMember>

  <gml:featureMember>
    <cblf:BuildingFeature fid="BlueLake.114">
      <cblf:address>215 Main Street</cblf:address>
      <cblf:position>
        <gml:Point srsName="CRS:84">
          <gml:coordinates>0.0009,0.0022</gml:coordinates>
        </gml:Point>
      </cblf:position>
      <cblf:footprint>
        <gml:Polygon srsName="CRS:84">
          <gml:outerBoundaryIs>
            <gml:LinearRing>
              <gml:coordinates>0.0008,0.0020 0.0010,0.0020 0.0010,0.0024 0.0008,0.0024 0.0008,0.0020</gml:coordinates>
            </gml:LinearRing>
          </gml:outerBoundaryIs>
        </gml:Polygon>
      </cblf:footprint>
    </cblf:BuildingFeature>
  </gml:featureMember>

</cblf:BlueLakeFeatureCollection>

