<cblf:BlueLakeFeatureCollection
  xmlns:gml="http://www.opengis.net/gml"
  xmlns:cblf="http://www.opengis.net/cite/bluelake"
  xmlns:xsi="http://www.w3.org/2001/XMLSchema-instance"
  xsi:schemaLocation="http://www.opengis.net/cite/bluelake blueLakeFeatures.xsd http://www.opengis.net/gml feature.xsd"
>

  <gml:description>The cite:Lakes layer</gml:description>
  <gml:name>cite:Lakes</gml:name>
  <gml:boundedBy>
    <gml:Box srsName="CRS:84">
      <gml:coordinates>-0.0018,0.0006 -0.0001,0.0031</gml:coordinates>
    </gml:Box>
  </gml:boundedBy>

  <gml:featureMember>
    <cblf:LakeFeature fid="BlueLake.101">
      <cblf:name>Blue Lake</cblf:name>
      <cblf:shore>
        <gml:Polygon srsName="CRS:84">
          <gml:outerBoundaryIs>
            <gml:LinearRing>
              <gml:coordinates>-0.0018,0.0006 -0.0006,0.0010 -0.0001,0.0024 -0.0015,0.0031 -0.0018,0.0006</gml:coordinates>
            </gml:LinearRing>
          </gml:outerBoundaryIs>
          <gml:innerBoundaryIs>
            <gml:LinearRing>
              <gml:coordinates>-0.0011,0.0017 -0.0011,0.0025 -0.0006,0.0025 -0.0006,0.0017 -0.0011,0.0017</gml:coordinates>
            </gml:LinearRing>
          </gml:innerBoundaryIs>
        </gml:Polygon>
      </cblf:shore>
    </cblf:LakeFeature>
  </gml:featureMember>

</cblf:BlueLakeFeatureCollection>

