<cblf:BlueLakeFeatureCollection
  xmlns:gml="http://www.opengis.net/gml"
  xmlns:cblf="http://www.opengis.net/cite/bluelake"
  xmlns:xsi="http://www.w3.org/2001/XMLSchema-instance"
  xsi:schemaLocation="http://www.opengis.net/cite/bluelake blueLakeFeatures.xsd http://www.opengis.net/gml feature.xsd"
>

  <gml:description>The cite:Ponds layer</gml:description>
  <gml:name>cite:Ponds</gml:name>
  <gml:boundedBy>
    <gml:Box srsName="CRS:84">
      <gml:coordinates>0.0016,-0.0020 0.0020,-0.0014</gml:coordinates>
    </gml:Box>
  </gml:boundedBy>

  <gml:featureMember>
    <cblf:PondFeature fid="BlueLake.120">
      <cblf:name xsi:nil="true"/>
      <cblf:type>Stock Pond</cblf:type>
      <cblf:shore>
        <gml:MultiPolygon srsName="CRS:84">
          <gml:polygonMember>
            <gml:Polygon>
              <gml:outerBoundaryIs>
                <gml:LinearRing>
                  <gml:coordinates>0.0018,-0.0020 0.0020,-0.0018 0.0016,-0.0018 0.0018,-0.0020</gml:coordinates>
                </gml:LinearRing>
              </gml:outerBoundaryIs>
            </gml:Polygon>
          </gml:polygonMember>
          <gml:polygonMember>
            <gml:Polygon>
              <gml:outerBoundaryIs>
                <gml:LinearRing>
                  <gml:coordinates>0.0016,-0.0016 0.0020,-0.0016 0.0018,-0.0014 0.0016,-0.0016</gml:coordinates>
                </gml:LinearRing>
              </gml:outerBoundaryIs>
            </gml:Polygon>
          </gml:polygonMember>
        </gml:MultiPolygon>
      </cblf:shore>
    </cblf:PondFeature>
  </gml:featureMember>

</cblf:BlueLakeFeatureCollection>

