<cblf:BlueLakeFeatureCollection
  xmlns:gml="http://www.opengis.net/gml"
  xmlns:cblf="http://www.opengis.net/cite/bluelake"
  xmlns:xsi="http://www.w3.org/2001/XMLSchema-instance"
  xsi:schemaLocation="http://www.opengis.net/cite/bluelake blueLakeFeatures.xsd http://www.opengis.net/gml feature.xsd"
>

  <gml:description>The cite:Streams layer</gml:description>
  <gml:name>cite:Streams</gml:name>
  <gml:boundedBy>
    <gml:Box srsName="CRS:84">
      <gml:coordinates>-0.0024,-0.0004 0.0024,0.0036</gml:coordinates>
    </gml:Box>
  </gml:boundedBy>

  <gml:featureMember>
    <cblf:StreamFeature fid="BlueLake.111">
      <cblf:name>Cam Stream</cblf:name>
      <cblf:centerline>
        <gml:LineString srsName="CRS:84">
          <gml:coordinates>0.0024,-0.0004 0.0017,0.0002 0.0012,-0.0001 0.0007,0.0002 -0.0006,0.0010</gml:coordinates>
        </gml:LineString>
      </cblf:centerline>
    </cblf:StreamFeature>
  </gml:featureMember>

  <gml:featureMember>
    <cblf:StreamFeature fid="BlueLake.112">
      <cblf:name xsi:nil="true"/>
      <cblf:centerline>
        <gml:LineString srsName="CRS:84">
          <gml:coordinates>-0.0024,0.0034 -0.0020,0.0036 -0.0015,0.0031</gml:coordinates>
        </gml:LineString>
      </cblf:centerline>
    </cblf:StreamFeature>
  </gml:featureMember>

</cblf:BlueLakeFeatureCollection>

