<?xml version="1.0" encoding="UTF-8"?>
<gmd:DS_DataSet id="ds001"
  xmlns:gmd="http://www.isotc211.org/2005/gmd"
  xmlns:gco="http://www.isotc211.org/2005/gco">
  <gmd:has>
    <gmd:MD_Metadata>
      <gmd:contact>
        <gmd:CI_ResponsibleParty>
          <gmd:organisationName>
            <gco:CharacterString>Zenda Corp.</gco:CharacterString>
          </gmd:organisationName>
          <gmd:role>
            <gmd:CI_RoleCode codeList="http://www.isotc211.org/19115#B.5.5" codeListValue="custodian" />
          </gmd:role>
        </gmd:CI_ResponsibleParty>
      </gmd:contact>
      <gmd:dateStamp>
        <gco:DateTime>2007-04-10T12:09:27+02:00</gco:DateTime>
      </gmd:dateStamp>
      <gmd:identificationInfo>
        <gmd:MD_DataIdentification>
          <gmd:citation>
            <gmd:CI_Citation>
              <gmd:title><gco:CharacterString>wa' Hol mu'mey puS je neH ghaj qo' Hoch</gco:CharacterString></gmd:title>
              <gmd:date>
                <gmd:CI_Date>
                  <gmd:date><gco:Date>2006-05</gco:Date></gmd:date>
                  <gmd:dateType>
                    <gmd:CI_DateTypeCode codeList="http://www.isotc211.org/19115#B.5.2" codeListValue="creation"/>
                  </gmd:dateType>
                </gmd:CI_Date>
              </gmd:date>
            </gmd:CI_Citation>
          </gmd:citation>
          <gmd:abstract>
            <gco:CharacterString>
            'ej pa'vo' qo' HochDaq ghomHa'moH joH'a'; 'ej veng luchenmoH 'e' lumev. 
            Dochvammo' pong Daqvetlh 'oH "Babel"'e', Hol qo' Hoch mISmoHmo' joH'a', 
            'ej pa'vo' qo' HochDaq ghomHa'moH joH'a'.
            </gco:CharacterString>
          </gmd:abstract>
          <gmd:language><gco:CharacterString>tlh</gco:CharacterString></gmd:language>
          <gmd:extent>
            <gmd:EX_Extent>
              <gmd:geographicElement>
                <gmd:EX_GeographicBoundingBox>
                  <gmd:westBoundLongitude><gco:Decimal>8.0</gco:Decimal></gmd:westBoundLongitude>
                  <gmd:eastBoundLongitude><gco:Decimal>9.0</gco:Decimal></gmd:eastBoundLongitude>
                  <gmd:southBoundLongitude><gco:Decimal>47.0</gco:Decimal></gmd:southBoundLongitude>
                  <gmd:northBoundLongitude><gco:Decimal>48.5</gco:Decimal></gmd:northBoundLongitude>
                </gmd:EX_GeographicBoundingBox>
              </gmd:geographicElement>
            </gmd:EX_Extent>
          </gmd:extent>
        </gmd:MD_DataIdentification>
      </gmd:identificationInfo>
    </gmd:MD_Metadata>
  </gmd:has>
</gmd:DS_DataSet>
