<?xml version="1.0" encoding="UTF-8"?>
<csw:Record xmlns:csw="http://www.opengis.net/cat/csw" 
  xmlns:ows="http://www.opengis.net/ows" 
  xmlns:dc="http://purl.org/dc/elements/1.1/" 
  xmlns:dct="http://purl.org/dc/terms/">
    <dc:identifier>urn:uuid:66ae76b7-54ba-489b-a582-0f0633d96493</dc:identifier>
    <dc:title>Maecenas enim</dc:title>
    <dc:type>http://purl.org/dc/dcmitype/Text</dc:type>
    <dc:format>application/xhtml+xml</dc:format>
    <dc:subject>Marine sediments</dc:subject>
    <dct:abstract>Pellentesque tempus magna non sapien fringilla blandit.</dct:abstract>
</csw:Record>