<?xml version="1.0" encoding="UTF-8"?>
<csw:Record xmlns:csw="http://www.opengis.net/cat/csw" 
  xmlns:ows="http://www.opengis.net/ows" 
  xmlns:dc="http://purl.org/dc/elements/1.1/" 
  xmlns:dct="http://purl.org/dc/terms/">
    <dc:identifier>urn:uuid:6a3de50b-fa66-4b58-a0e6-ca146fdd18d4</dc:identifier>
    <dc:type>http://purl.org/dc/dcmitype/Service</dc:type>
    <dc:title>Ut facilisis justo ut lacus</dc:title>
    <dc:subject scheme="http://www.digest.org/2.1">Vegetation</dc:subject>
    <dc:relation>urn:uuid:94bc9c83-97f6-4b40-9eb8-a8e8787a5c63</dc:relation>
</csw:Record>