<?xml version="1.0" encoding="UTF-8"?>
<csw:Record xmlns:csw="http://www.opengis.net/cat/csw" 
  xmlns:ows="http://www.opengis.net/ows" 
  xmlns:dc="http://purl.org/dc/elements/1.1/" 
  xmlns:dct="http://purl.org/dc/terms/">
    <dc:identifier>urn:uuid:88247b56-4cbc-4df9-9860-db3f8042e357</dc:identifier>
    <dc:type>http://purl.org/dc/dcmitype/Dataset</dc:type>
    <dc:subject scheme="http://www.digest.org/2.1">Physiography-Landforms</dc:subject>
    <dct:spatial>FI-ES</dct:spatial>
    <dct:abstract>Donec scelerisque pede ut nisl luctus accumsan. Quisque ultrices, lorem eget feugiat fringilla, lorem dui porttitor ante, cursus ultrices magna odio eu neque.</dct:abstract>
</csw:Record>