<?xml version="1.0" encoding="UTF-8"?>
<csw:Record xmlns:csw="http://www.opengis.net/cat/csw" 
  xmlns:ows="http://www.opengis.net/ows" 
  xmlns:dc="http://purl.org/dc/elements/1.1/" 
  xmlns:dct="http://purl.org/dc/terms/">
    <dc:identifier>urn:uuid:829babb0-b2f1-49e1-8cd5-7b489fe71a1e</dc:identifier>
    <dc:type>http://purl.org/dc/dcmitype/Image</dc:type>
    <dc:format>image/jp2</dc:format>
    <dc:title>Vestibulum massa purus</dc:title>
    <dc:relation>urn:uuid:9a669547-b69b-469f-a11f-2d875366bbdc</dc:relation>
</csw:Record>