<?xml version="1.0" encoding="UTF-8"?>
<csw:Record xmlns:csw="http://www.opengis.net/cat/csw" 
  xmlns:ows="http://www.opengis.net/ows" 
  xmlns:dc="http://purl.org/dc/elements/1.1/" 
  xmlns:dct="http://purl.org/dc/terms/">
    <dc:identifier>urn:uuid:ab42a8c4-95e8-4630-bf79-33e59241605a</dc:identifier>
    <dc:type>http://purl.org/dc/dcmitype/Service</dc:type>
    <dc:subject scheme="http://www.digest.org/2.1">Physiography</dc:subject>
    <dct:abstract>Suspendisse accumsan molestie lorem. Nullam velit turpis, mattis ut, varius bibendum, laoreet non, quam.</dct:abstract>
    <dc:relation>urn:uuid:88247b56-4cbc-4df9-9860-db3f8042e357</dc:relation>
</csw:Record>