<?xml version="1.0" encoding="UTF-8"?>
<csw:Record xmlns:csw="http://www.opengis.net/cat/csw" 
  xmlns:ows="http://www.opengis.net/ows" 
  xmlns:dc="http://purl.org/dc/elements/1.1/" 
  xmlns:dct="http://purl.org/dc/terms/">
    <dc:identifier>urn:uuid:1ef30a8b-876d-4828-9246-c37ab4510bbd</dc:identifier>
    <dc:type>http://purl.org/dc/dcmitype/Service</dc:type>
    <dct:abstract>Proin sit amet justo. In justo. Aenean adipiscing nulla id tellus.</dct:abstract>
    <ows:BoundingBox crs="urn:x-ogc:def:crs:EPSG:6.11:4326">
      <ows:LowerCorner>60.042 13.754</ows:LowerCorner>
      <ows:UpperCorner>68.410 17.920</ows:UpperCorner>
    </ows:BoundingBox>
</csw:Record>