<?xml version="1.0" encoding="UTF-8"?>
<csw:Record xmlns:csw="http://www.opengis.net/cat/csw" 
  xmlns:ows="http://www.opengis.net/ows" 
  xmlns:dc="http://purl.org/dc/elements/1.1/" 
  xmlns:dct="http://purl.org/dc/terms/">
    <dc:identifier>urn:uuid:19887a8a-f6b0-4a63-ae56-7fba0e17801f</dc:identifier>
    <dc:type>http://purl.org/dc/dcmitype/Image</dc:type>
    <dc:format>image/svg+xml</dc:format>
    <dc:title>Lorem ipsum</dc:title>
    <dct:spatial>GR-22</dct:spatial>
    <dc:subject>Tourism--Greece</dc:subject>
    <dct:abstract>Quisque lacus diam, placerat mollis, pharetra in, commodo sed, augue. Duis iaculis arcu vel arcu.</dct:abstract>
</csw:Record>